1,Okhla,26,6,2025-07-07 19:02:41,2025-07-07 19:02:41
2,Nehru Place,26,6,2025-07-07 19:02:41,2025-07-07 19:02:41
3,Hauz Khas,26,6,2025-07-07 19:02:41,2025-07-07 19:02:41
4,East of Kailash,26,6,2025-07-07 19:02:41,2025-07-07 19:02:41
5,Greater Kailash,26,6,2025-07-07 19:02:41,2025-07-07 19:02:41
6,Jasola,26,6,2025-07-07 19:02:41,2025-07-07 19:02:41
7,Saket,26,6,2025-07-07 19:02:41,2025-07-07 19:02:41
8,Green Park,26,6,2025-07-07 19:02:41,2025-07-07 19:02:41
9,Malviya Nagar,26,6,2025-07-07 19:02:41,2025-07-07 19:02:41
10,Lajpat Nagar,26,6,2025-07-07 19:02:41,2025-07-07 19:02:41
11,Kailash Colony,26,6,2025-07-07 19:02:41,2025-07-07 19:02:41
12,New Friends Colony,26,6,2025-07-07 19:02:41,2025-07-07 19:02:41
13,South Delhi,26,6,2025-07-07 19:02:41,2025-07-07 19:02:41
14,Pitampura,26,6,2025-07-07 19:02:41,2025-07-07 19:02:41
15,Rajouri Garden,26,6,2025-07-07 19:02:41,2025-07-07 19:02:41
16,North Campus,26,6,2025-07-07 19:02:41,2025-07-07 19:02:41
17,Kamla Nagar,26,6,2025-07-07 19:02:41,2025-07-07 19:02:41
18,South Campus,26,6,2025-07-07 19:02:41,2025-07-07 19:02:41
19,Rajender Nagar,26,6,2025-07-07 19:02:41,2025-07-07 19:02:41
20,Karol Bagh,26,6,2025-07-07 19:02:41,2025-07-07 19:02:41
21,Connaught Place,26,6,2025-07-07 19:02:41,2025-07-07 19:02:41
22,Netaji Subhash Place,26,6,2025-07-07 19:02:41,2025-07-07 19:02:41
23,Aerocity,26,6,2025-07-07 19:02:41,2025-07-07 19:02:41
24,Janakpuri,26,6,2025-07-07 19:02:41,2025-07-07 19:02:41
25,West Delhi,26,6,2025-07-07 19:02:41,2025-07-07 19:02:41
26,Rohini,26,6,2025-07-07 19:02:41,2025-07-07 19:02:41
27,Laxmi Nagar,26,6,2025-07-07 19:02:41,2025-07-07 19:02:41
28,Vasant Kunj,26,6,2025-07-07 19:02:41,2025-07-07 19:02:41
29,Central Delhi,26,6,2025-07-07 19:02:41,2025-07-07 19:02:41
30,Patel Nagar,26,6,2025-07-07 19:02:41,2025-07-07 19:02:41
31,Uttam Nagar,26,6,2025-07-07 19:02:41,2025-07-07 19:02:41
32,Shakti Nagar,26,6,2025-07-07 19:02:41,2025-07-07 19:02:41
33,Sarita Vihar,26,6,2025-07-07 19:02:41,2025-07-07 19:02:41
34,Satya Niketan,26,6,2025-07-07 19:02:41,2025-07-07 19:02:41
35,Vijay Nagar,26,6,2025-07-07 19:02:41,2025-07-07 19:02:41
36,University Enclave,26,6,2025-07-07 19:02:41,2025-07-07 19:02:41
37,Moti Bagh II,26,6,2025-07-07 19:02:41,2025-07-07 19:02:41
38,Sector 3,26,6,2025-07-07 19:02:41,2025-07-07 19:02:41
39,Katwaria Sarai,26,6,2025-07-07 19:02:41,2025-07-07 19:02:41
40,Kanjhawala Rd,26,6,2025-07-07 19:02:41,2025-07-07 19:02:41
41,Dwarka,26,6,2025-07-07 19:02:41,2025-07-07 19:02:41
42,Rajouri Garden Extension,26,6,2025-07-07 19:02:41,2025-07-07 19:02:41
43,GTB Nagar,26,6,2025-07-07 19:02:41,2025-07-07 19:02:41
44,Roop Nagar,26,6,2025-07-07 19:02:41,2025-07-07 19:02:41
45,Navrangpura,32,8,2025-07-07 19:02:41,2025-07-07 19:02:41
46,Vastrapur,32,8,2025-07-07 19:02:41,2025-07-07 19:02:41
47,Prahlad Nagar,32,8,2025-07-07 19:02:41,2025-07-07 19:02:41
48,Satellite,32,8,2025-07-07 19:02:41,2025-07-07 19:02:41
49,Ellisbridge,32,8,2025-07-07 19:02:41,2025-07-07 19:02:41
50,Gota,32,8,2025-07-07 19:02:41,2025-07-07 19:02:41
51,Odhav,32,8,2025-07-07 19:02:41,2025-07-07 19:02:41
52,Chandkheda,32,8,2025-07-07 19:02:41,2025-07-07 19:02:41
53,Gurukul Road,32,8,2025-07-07 19:02:41,2025-07-07 19:02:41
54,Ghatlodia,32,8,2025-07-07 19:02:41,2025-07-07 19:02:41
55,Thaltej,32,8,2025-07-07 19:02:41,2025-07-07 19:02:41
56,Vejalpur,32,8,2025-07-07 19:02:41,2025-07-07 19:02:41
57,Bodakdev,32,8,2025-07-07 19:02:41,2025-07-07 19:02:41
58,Maninagar,32,8,2025-07-07 19:02:41,2025-07-07 19:02:41
59,Makarba,32,8,2025-07-07 19:02:41,2025-07-07 19:02:41
60,Vishala,32,8,2025-07-07 19:02:41,2025-07-07 19:02:41
61,Naranpura,32,8,2025-07-07 19:02:41,2025-07-07 19:02:41
62,Shantipura,32,8,2025-07-07 19:02:41,2025-07-07 19:02:41
63,Ambawadi,32,8,2025-07-07 19:02:41,2025-07-07 19:02:41
64,Memnagar,32,8,2025-07-07 19:02:41,2025-07-07 19:02:41
65,Motera,32,8,2025-07-07 19:02:41,2025-07-07 19:02:41
66,Paldi,32,8,2025-07-07 19:02:41,2025-07-07 19:02:41
67,Sanand,32,8,2025-07-07 19:02:41,2025-07-07 19:02:41
68,Girdharnaga,32,8,2025-07-07 19:02:41,2025-07-07 19:02:41
69,Usmanpura,32,8,2025-07-07 19:02:41,2025-07-07 19:02:41
70,Golf Course Road,37,9,2025-07-07 19:02:41,2025-07-07 19:02:41
71,Sohna Road,37,9,2025-07-07 19:02:41,2025-07-07 19:02:41
72,MG Road,37,9,2025-07-07 19:02:41,2025-07-07 19:02:41
73,Udyog Vihar,37,9,2025-07-07 19:02:41,2025-07-07 19:02:41
74,Cyber City,37,9,2025-07-07 19:02:41,2025-07-07 19:02:41
75,Sector 42,37,9,2025-07-07 19:02:41,2025-07-07 19:02:41
76,"Sector 44""",37,9,2025-07-07 19:02:41,2025-07-07 19:02:41
77,DLF Phases 1–5 & Cyber Park,37,9,2025-07-07 19:02:41,2025-07-07 19:02:41
78,"Sector 18""",37,9,2025-07-07 19:02:41,2025-07-07 19:02:41
79,Medanta (Sector 38),37,9,2025-07-07 19:02:41,2025-07-07 19:02:41
80,Huda City Centre,37,9,2025-07-07 19:02:41,2025-07-07 19:02:41
81,Rajiv Chowk,37,9,2025-07-07 19:02:41,2025-07-07 19:02:41
82,Sushant Lok Phase 1,37,9,2025-07-07 19:02:41,2025-07-07 19:02:41
83,Koramangala,57,13,2025-07-07 19:02:41,2025-07-07 19:02:41
84,Indiranagar,57,13,2025-07-07 19:02:41,2025-07-07 19:02:41
85,Whitefield (ITPL / AECS Layout / Brookfield),57,13,2025-07-07 19:02:41,2025-07-07 19:02:41
86,HSR Layout,57,13,2025-07-07 19:02:41,2025-07-07 19:02:41
87,JP Nagar,57,13,2025-07-07 19:02:41,2025-07-07 19:02:41
88,Marathahalli (Manyata Tech Park),57,13,2025-07-07 19:02:41,2025-07-07 19:02:41
89,Bellandur,57,13,2025-07-07 19:02:41,2025-07-07 19:02:41
90,Arekere,57,13,2025-07-07 19:02:41,2025-07-07 19:02:41
91,Shanti Nagar,57,13,2025-07-07 19:02:41,2025-07-07 19:02:41
92,Hulimavu,57,13,2025-07-07 19:02:41,2025-07-07 19:02:41
93,Electronic City (Phase 1 & 2),57,13,2025-07-07 19:02:41,2025-07-07 19:02:41
94,Domlur,57,13,2025-07-07 19:02:41,2025-07-07 19:02:41
95,BTM Layout,57,13,2025-07-07 19:02:41,2025-07-07 19:02:41
96,Bommanahalli,57,13,2025-07-07 19:02:41,2025-07-07 19:02:41
97,Bannerghatta Road,57,13,2025-07-07 19:02:41,2025-07-07 19:02:41
98,Wilson Garden / Richmond Town,57,13,2025-07-07 19:02:41,2025-07-07 19:02:41
99,Malleshwaram,57,13,2025-07-07 19:02:41,2025-07-07 19:02:41
100,Mathikere,57,13,2025-07-07 19:02:41,2025-07-07 19:02:41
101,Nagavara / HBR Layout,57,13,2025-07-07 19:02:41,2025-07-07 19:02:41
102,Rajarajeshwari Nagar / K R Puram,57,13,2025-07-07 19:02:41,2025-07-07 19:02:41
103,Arekere / Doddanekundi / Kundalahalli,57,13,2025-07-07 19:02:41,2025-07-07 19:02:41
104,Yelahanka / Hennur Road / Banaswadi / Bommasandra,57,13,2025-07-07 19:02:41,2025-07-07 19:02:41
105,Kundalahalli (Skep Coliving Kundanahalli),57,13,2025-07-07 19:02:41,2025-07-07 19:02:41
106,Rajarajeshwarinagar (Shree Sadan),57,13,2025-07-07 19:02:41,2025-07-07 19:02:41
107,AECS Layout — near ITPL / Whitefield,57,13,2025-07-07 19:02:41,2025-07-07 19:02:41
108,Richmond Town — central Bangalore,57,13,2025-07-07 19:02:41,2025-07-07 19:02:41
109,Andheri East,72,16,2025-07-07 19:02:41,2025-07-07 19:02:41
110,Andheri West,72,16,2025-07-07 19:02:41,2025-07-07 19:02:41
111,Navi Mumbai,72,16,2025-07-07 19:02:41,2025-07-07 19:02:41
112,Vashi,72,16,2025-07-07 19:02:41,2025-07-07 19:02:41
113,Panvel,72,16,2025-07-07 19:02:41,2025-07-07 19:02:41
114,Kharghar,72,16,2025-07-07 19:02:41,2025-07-07 19:02:41
115,Thane,72,16,2025-07-07 19:02:41,2025-07-07 19:02:41
116,Lower Parel,72,16,2025-07-07 19:02:41,2025-07-07 19:02:41
117,Borivali,72,16,2025-07-07 19:02:41,2025-07-07 19:02:41
118,Borivali West,72,16,2025-07-07 19:02:41,2025-07-07 19:02:41
119,Mulund,72,16,2025-07-07 19:02:41,2025-07-07 19:02:41
120,Malad (East/West),72,16,2025-07-07 19:02:41,2025-07-07 19:02:41
121,Powai,72,16,2025-07-07 19:02:41,2025-07-07 19:02:41
122,Bandra,72,16,2025-07-07 19:02:41,2025-07-07 19:02:41
123,BKC,72,16,2025-07-07 19:02:41,2025-07-07 19:02:41
124,Dadar,72,16,2025-07-07 19:02:41,2025-07-07 19:02:41
125,Vikhroli,72,16,2025-07-07 19:02:41,2025-07-07 19:02:41
126,Vile Parle,72,16,2025-07-07 19:02:41,2025-07-07 19:02:41
127,Worli,72,16,2025-07-07 19:02:41,2025-07-07 19:02:41
128,Churchgate,72,16,2025-07-07 19:02:41,2025-07-07 19:02:41
129,Marol,72,16,2025-07-07 19:02:41,2025-07-07 19:02:41
130,Santacruz East,72,16,2025-07-07 19:02:41,2025-07-07 19:02:41
131,Kurl,72,16,2025-07-07 19:02:41,2025-07-07 19:02:41
132,"Hinjewadi (Phases 1""",73,16,2025-07-07 19:02:41,2025-07-07 19:02:41
133,Viman Nagar,73,16,2025-07-07 19:02:41,2025-07-07 19:02:41
134,Baner,73,16,2025-07-07 19:02:41,2025-07-07 19:02:41
135,Kharadi,73,16,2025-07-07 19:02:41,2025-07-07 19:02:41
136,Shivaji Nagar,73,16,2025-07-07 19:02:41,2025-07-07 19:02:41
137,Balewadi,73,16,2025-07-07 19:02:41,2025-07-07 19:02:41
138,Kothrud,73,16,2025-07-07 19:02:41,2025-07-07 19:02:41
139,Magarpatta,73,16,2025-07-07 19:02:41,2025-07-07 19:02:41
140,Aundh,73,16,2025-07-07 19:02:41,2025-07-07 19:02:41
141,Kalyani Nagar,73,16,2025-07-07 19:02:41,2025-07-07 19:02:41
142,Pimpri‑Chinchwad,73,16,2025-07-07 19:02:41,2025-07-07 19:02:41
143,Bavdhan,73,16,2025-07-07 19:02:41,2025-07-07 19:02:41
144,Pimple Saudagar,73,16,2025-07-07 19:02:41,2025-07-07 19:02:41
145,Hadapsar,73,16,2025-07-07 19:02:41,2025-07-07 19:02:41
146,Yerwada,73,16,2025-07-07 19:02:41,2025-07-07 19:02:41
147,Dhanawadi,73,16,2025-07-07 19:02:41,2025-07-07 19:02:41
148,Koregaon Park (plus Koregaon Park Annexe),73,16,2025-07-07 19:02:41,2025-07-07 19:02:41
149,Wagholi,73,16,2025-07-07 19:02:41,2025-07-07 19:02:41
150,Wakad,73,16,2025-07-07 19:02:41,2025-07-07 19:02:41
151,Talegaon Dabhade,73,16,2025-07-07 19:02:41,2025-07-07 19:02:41
152,Karve Nagar,73,16,2025-07-07 19:02:41,2025-07-07 19:02:41
153,Dhankawadi,73,16,2025-07-07 19:02:41,2025-07-07 19:02:41
154,Wadgaon Sheri,73,16,2025-07-07 19:02:41,2025-07-07 19:02:41
155,Koregaon Park Annexe,73,16,2025-07-07 19:02:41,2025-07-07 19:02:41
156,Anna Nagar,117,25,2025-07-07 19:02:41,2025-07-07 19:02:41
157,Adyar,117,25,2025-07-07 19:02:41,2025-07-07 19:02:41
158,T. Nagar,117,25,2025-07-07 19:02:41,2025-07-07 19:02:41
159,Saidapet,117,25,2025-07-07 19:02:41,2025-07-07 19:02:41
160,Vadapalani,117,25,2025-07-07 19:02:41,2025-07-07 19:02:41
161,Porur,117,25,2025-07-07 19:02:41,2025-07-07 19:02:41
162,Shenoy Nagar,117,25,2025-07-07 19:02:41,2025-07-07 19:02:41
163,"Old Mahabalipuram Road (OMR) suburbs: Velachery""",117,25,2025-07-07 19:02:41,2025-07-07 19:02:41
164,Sector 1,133,28,2025-07-07 19:02:41,2025-07-07 19:02:41
165,Sector 2,133,28,2025-07-07 19:02:41,2025-07-07 19:02:41
166,Sector 11,133,28,2025-07-07 19:02:41,2025-07-07 19:02:41
167,Sector 16,133,28,2025-07-07 19:02:41,2025-07-07 19:02:41
168,Sector 19,133,28,2025-07-07 19:02:41,2025-07-07 19:02:41
169,Sector 22,133,28,2025-07-07 19:02:41,2025-07-07 19:02:41
170,Sector 25,133,28,2025-07-07 19:02:41,2025-07-07 19:02:41
171,Sector 30,133,28,2025-07-07 19:02:41,2025-07-07 19:02:41
172,Sector 44,133,28,2025-07-07 19:02:41,2025-07-07 19:02:41
173,Sector 50,133,28,2025-07-07 19:02:41,2025-07-07 19:02:41
174,Sector 51,133,28,2025-07-07 19:02:41,2025-07-07 19:02:41
175,Sector 53,133,28,2025-07-07 19:02:41,2025-07-07 19:02:41
176,Sector 58,133,28,2025-07-07 19:02:41,2025-07-07 19:02:41
177,Sector 59,133,28,2025-07-07 19:02:41,2025-07-07 19:02:41
178,Sector 61,133,28,2025-07-07 19:02:41,2025-07-07 19:02:41
179,Sector 62,133,28,2025-07-07 19:02:41,2025-07-07 19:02:41
180,Sector 63,133,28,2025-07-07 19:02:41,2025-07-07 19:02:41
181,Sector 93 C,133,28,2025-07-07 19:02:41,2025-07-07 19:02:41
182,Sector 101,133,28,2025-07-07 19:02:41,2025-07-07 19:02:41
183,Sector 104,133,28,2025-07-07 19:02:41,2025-07-07 19:02:41
184,Sector 122,133,28,2025-07-07 19:02:41,2025-07-07 19:02:41
185,Sector 125,133,28,2025-07-07 19:02:41,2025-07-07 19:02:41
186,Sector 126,133,28,2025-07-07 19:02:41,2025-07-07 19:02:41
187,Sector 127,133,28,2025-07-07 19:02:41,2025-07-07 19:02:41
188,Sector 135,133,28,2025-07-07 19:02:41,2025-07-07 19:02:41
189,Greater Noida,133,28,2025-07-07 19:02:41,2025-07-07 19:02:41
190,Bhowanipore,142,30,2025-07-07 19:02:41,2025-07-07 19:02:41
191,Behala,142,30,2025-07-07 19:02:41,2025-07-07 19:02:41
192,Kasba,142,30,2025-07-07 19:02:41,2025-07-07 19:02:41
193,Dhakuria,142,30,2025-07-07 19:02:41,2025-07-07 19:02:41
194,Mukundapur,142,30,2025-07-07 19:02:41,2025-07-07 19:02:41
195,New Town,142,30,2025-07-07 19:02:41,2025-07-07 19:02:41
196,Rajarhat,142,30,2025-07-07 19:02:41,2025-07-07 19:02:41
197,Ballygunge,142,30,2025-07-07 19:02:41,2025-07-07 19:02:41